id;data_inversa;dia_semana;horario;uf;br;km;municipio;causa_acidente;tipo_acidente;classificacao_acidente;fase_dia;sentido_via;condicao_metereologica;tipo_pista;tracado_via;uso_solo;pessoas;veiculos
236927;2019-09-21;sábado;08:27:00;SP;116;219.5;GUARULHOS;Falta de Atenção à Condução;Tombamento;Com Vítimas Feridas;Pleno dia;Crescente;Nublado;Múltipla;Reta;Sim;2;1
236999;2019-09-21;sábado;17:25:00;SP;116;224.2;GUARULHOS;Não guardar distância de segurança;Colisão traseira;Com Vítimas Feridas;Anoitecer;Decrescente;Céu Claro;Simples;Reta;Não;2;2
237069;2019-09-21;sábado;22:37:00;SP;116;148.3;SAO JOSE DOS CAMPOS;Falta de Atenção à Condução;Colisão com objeto estático;Com Vítimas Feridas;Plena Noite;Decrescente;Nublado;Dupla;Reta;Sim;1;1
237352;2019-09-22;domingo;18:45:00;SP;116;204.0;ARUJA;Falta de Atenção à Condução;Colisão traseira;Sem Vítimas;Plena Noite;Decrescente;Garoa/Chuvisco;Dupla;Reta;Sim;2;2
237353;2019-09-22;domingo;17:40:00;SP;116;227.6;SAO PAULO;Falta de Atenção à Condução;Colisão traseira;Com Vítimas Feridas;Plena Noite;Crescente;Nublado;Múltipla;Reta;Sim;1;1
237470;2019-09-23;segunda-feira;03:00:00;SP;116;216.8;GUARULHOS;Falta de Atenção à Condução;Colisão com objeto estático;Com Vítimas Feridas;Plena Noite;Crescente;Chuva;Múltipla;Não Informado;Sim;1;1
237505;2019-08-19;segunda-feira;05:00:00;SP;116;203.0;ARUJA;Ingestão de Álcool;Colisão com objeto estático;Com Vítimas Feridas;Plena Noite;Decrescente;Nublado;Dupla;Reta;Não;2;1
237783;2019-09-24;terça-feira;19:00:00;SP;116;217.0;GUARULHOS;Não guardar distância de segurança;Colisão lateral;Com Vítimas Feridas;Plena Noite;Crescente;Garoa/Chuvisco;Múltipla;Reta;Sim;3;2
237976;2019-09-25;quarta-feira;18:15:00;SP;116;155.2;SAO JOSE DOS CAMPOS;Não guardar distância de segurança;Colisão traseira;Sem Vítimas;Plena Noite;Crescente;Nublado;Dupla;Não Informado;Não;1;1
237979;2019-09-25;quarta-feira;18:40:00;SP;116;161.0;JACAREI;Falta de Atenção à Condução;Queda de ocupante de veículo;Com Vítimas Feridas;Plena Noite;Decrescente;Garoa/Chuvisco;Dupla;Reta;Sim;5;2
238017;2019-09-25;quarta-feira;21:45:00;SP;116;154.4;SAO JOSE DOS CAMPOS;Não guardar distância de segurança;Colisão traseira;Com Vítimas Feridas;Plena Noite;Decrescente;Nublado;Dupla;Reta;Não;1;1
238247;2019-09-26;quinta-feira;15:10:00;SP;116;145.8;SAO JOSE DOS CAMPOS;Desobediência às normas de trânsito pelo condutor;Tombamento;Com Vítimas Feridas;Pleno dia;Crescente;Nublado;Múltipla;Desvio Temporário;Não;2;1
238248;2019-09-26;quinta-feira;14:50:00;SP;116;146.0;SAO JOSE DOS CAMPOS;Falta de Atenção à Condução;Tombamento;Com Vítimas Feridas;Pleno dia;Crescente;Nublado;Simples;Curva;Sim;1;1
238349;2019-09-27;sexta-feira;01:00:00;SP;116;99.8;PINDAMONHANGABA;Falta de Atenção à Condução;Colisão com objeto estático;Com Vítimas Feridas;Plena Noite;Decrescente;Nublado;Dupla;Reta;Não;1;1
238410;2019-09-27;sexta-feira;08:46:00;SP;116;227.0;GUARULHOS;Falta de Atenção do Pedestre;Colisão lateral;Com Vítimas Feridas;Pleno dia;Crescente;Nublado;Múltipla;Reta;Sim;2;2
238490;2019-09-27;sexta-feira;16:45:00;SP;116;110.0;TAUBATE;Defeito Mecânico no Veículo;Incêndio;Sem Vítimas;Pleno dia;Decrescente;Nublado;Dupla;Reta;Não;1;1
238503;2019-09-27;sexta-feira;17:45:00;SP;116;219.0;GUARULHOS;Não guardar distância de segurança;Colisão traseira;Com Vítimas Feridas;Anoitecer;Crescente;Nublado;Múltipla;Reta;Sim;3;3
238529;2019-09-27;sexta-feira;19:32:00;SP;116;153.0;SAO JOSE DOS CAMPOS;Não guardar distância de segurança;Colisão lateral;Com Vítimas Feridas;Plena Noite;Decrescente;Garoa/Chuvisco;Dupla;Reta;Sim;2;2
238543;2019-09-27;sexta-feira;20:30:00;SP;116;217.0;GUARULHOS;Desobediência às normas de trânsito pelo condutor;Colisão com objeto estático;Com Vítimas Feridas;Plena Noite;Decrescente;Nublado;Múltipla;Reta;Sim;1;1
238556;2019-09-27;sexta-feira;21:25:00;SP;116;216.0;GUARULHOS;Ingestão de Álcool;Colisão lateral;Com Vítimas Feridas;Plena Noite;Crescente;Nublado;Múltipla;Reta;Sim;2;2
238603;2019-09-28;sábado;05:00:00;SP;116;211.0;GUARULHOS;Falta de Atenção à Condução;Colisão traseira;Com Vítimas Feridas;Amanhecer;Decrescente;Céu Claro;Múltipla;Reta;Sim;2;2
238630;2019-09-28;sábado;07:38:00;SP;116;216.0;GUARULHOS;Falta de Atenção à Condução;Colisão com objeto estático;Sem Vítimas;Amanhecer;Decrescente;Nublado;Múltipla;Reta;Sim;3;3
238635;2019-09-28;sábado;07:20:00;SP;116;229.8;GUARULHOS;Não guardar distância de segurança;Colisão traseira;Sem Vítimas;Pleno dia;Crescente;Nublado;Múltipla;Reta;Não;3;3
238636;2019-09-28;sábado;09:05:00;SP;116;193.8;SANTA ISABEL;Animais na Pista;Colisão com objeto estático;Com Vítimas Feridas;Pleno dia;Crescente;Nublado;Dupla;Não Informado;Não;4;1
238666;2019-09-28;sábado;10:55:00;SP;116;160.9;SAO JOSE DOS CAMPOS;Mal Súbito;Queda de ocupante de veículo;Com Vítimas Feridas;Pleno dia;Crescente;Nublado;Dupla;Reta;Sim;1;1
238687;2019-09-28;sábado;14:20:00;SP;116;210.0;GUARULHOS;Não guardar distância de segurança;Tombamento;Com Vítimas Feridas;Pleno dia;Decrescente;Céu Claro;Dupla;Reta;Sim;1;1
238731;2019-09-28;sábado;18:30:00;SP;116;169.0;JACAREI;Falta de Atenção à Condução;Colisão com objeto estático;Com Vítimas Feridas;Plena Noite;Crescente;Nublado;Dupla;Reta;Não;2;1
238756;2019-09-28;sábado;20:00:00;SP;116;209.8;GUARULHOS;Não guardar distância de segurança;Colisão lateral;Sem Vítimas;Plena Noite;Crescente;Nublado;Dupla;Reta;Não;2;2
238848;2019-09-29;domingo;05:20:00;SP;116;223.0;GUARULHOS;Desobediência às normas de trânsito pelo condutor;Colisão transversal;Com Vítimas Fatais;Amanhecer;Crescente;Céu Claro;Múltipla;Reta;Sim;3;2
238857;2019-09-29;domingo;05:50:00;SP;116;223.0;GUARULHOS;Falta de Atenção à Condução;Colisão lateral;Com Vítimas Feridas;Amanhecer;Crescente;Nublado;Múltipla;Reta;Não;1;1
238934;2019-09-29;domingo;13:50:00;SP;116;228.7;SAO PAULO;Defeito Mecânico no Veículo;Tombamento;Com Vítimas Feridas;Pleno dia;Crescente;Sol;Múltipla;Reta;Sim;2;1
239100;2019-09-30;segunda-feira;06:51:00;SP;116;222.0;GUARULHOS;Falta de Atenção à Condução;Colisão traseira;Com Vítimas Feridas;Pleno dia;Crescente;Sol;Múltipla;Reta;Sim;2;2
239172;2019-09-16;segunda-feira;06:30:00;SP;116;156.0;SAO JOSE DOS CAMPOS;Falta de Atenção à Condução;Colisão traseira;Com Vítimas Feridas;Pleno dia;Crescente;Céu Claro;Múltipla;Reta;Sim;2;2
239274;2019-09-30;segunda-feira;21:30:00;SP;116;217.0;GUARULHOS;Falta de Atenção à Condução;Tombamento;Com Vítimas Feridas;Plena Noite;Decrescente;Céu Claro;Múltipla;Reta;Sim;2;1
239344;2019-10-01;terça-feira;07:30:00;SP;116;223.0;GUARULHOS;Falta de Atenção à Condução;Colisão lateral;Com Vítimas Feridas;Pleno dia;Crescente;Céu Claro;Múltipla;Reta;Sim;2;2
239366;2019-10-01;terça-feira;10:38:00;SP;116;153.9;SAO JOSE DOS CAMPOS;Falta de Atenção à Condução;Colisão lateral;Com Vítimas Feridas;Pleno dia;Decrescente;Sol;Dupla;Reta;Sim;3;2
239393;2019-10-01;terça-feira;13:40:00;SP;116;130.0;CACAPAVA;Não guardar distância de segurança;Colisão traseira;Com Vítimas Feridas;Pleno dia;Decrescente;Céu Claro;Dupla;Reta;Não;2;2
239578;2019-10-02;quarta-feira;01:40:00;SP;116;223.0;GUARULHOS;Ingestão de Álcool;Saída de leito carroçável;Sem Vítimas;Plena Noite;Decrescente;Céu Claro;Múltipla;Reta;Sim;1;1
239608;2019-10-02;quarta-feira;07:30:00;SP;116;168.9;JACAREI;Ingestão de Álcool;Colisão com objeto estático;Sem Vítimas;Pleno dia;Decrescente;Céu Claro;Dupla;Reta;Não;2;2
239661;2019-10-02;quarta-feira;12:20:00;SP;116;151.0;SAO JOSE DOS CAMPOS;Falta de Atenção à Condução;Colisão traseira;Com Vítimas Feridas;Pleno dia;Crescente;Sol;Dupla;Reta;Sim;2;2
239728;2019-10-02;quarta-feira;17:30:00;SP;116;142.8;SAO JOSE DOS CAMPOS;Falta de Atenção à Condução;Colisão traseira;Com Vítimas Feridas;Anoitecer;Decrescente;Céu Claro;Dupla;Reta;Sim;1;1
239736;2019-10-02;quarta-feira;18:30:00;SP;116;218.0;GUARULHOS;Não guardar distância de segurança;Colisão traseira;Com Vítimas Feridas;Plena Noite;Decrescente;Nublado;Múltipla;Reta;Sim;3;3
239812;2019-10-03;quinta-feira;06:00:00;SP;116;209.7;GUARULHOS;Não guardar distância de segurança;Colisão lateral;Com Vítimas Feridas;Amanhecer;Crescente;Nublado;Dupla;Reta;Não;2;2
239818;2019-10-03;quinta-feira;07:10:00;SP;116;157.0;SAO JOSE DOS CAMPOS;Desobediência às normas de trânsito pelo condutor;Colisão lateral;Com Vítimas Feridas;Pleno dia;Decrescente;Sol;Dupla;Reta;Sim;1;1
239865;2019-10-03;quinta-feira;11:45:00;SP;116;189.2;SANTA ISABEL;Condutor Dormindo;Colisão com objeto estático;Com Vítimas Feridas;Pleno dia;Decrescente;Céu Claro;Dupla;Não Informado;Não;1;1
239978;2019-10-04;sexta-feira;05:45:00;SP;116;224.0;GUARULHOS;Falta de Atenção à Condução;Colisão lateral;Com Vítimas Feridas;Pleno dia;Crescente;Céu Claro;Múltipla;Reta;Sim;3;2
239996;2019-10-04;sexta-feira;07:23:00;SP;116;220.0;GUARULHOS;Falta de Atenção à Condução;Colisão traseira;Com Vítimas Feridas;Pleno dia;Crescente;Céu Claro;Múltipla;Reta;Sim;2;2
240058;2019-10-04;sexta-feira;13:30:00;SP;116;220.0;GUARULHOS;Mal Súbito;Colisão com objeto estático;Com Vítimas Feridas;Pleno dia;Decrescente;Céu Claro;Múltipla;Reta;Sim;1;1
240102;2019-10-04;sexta-feira;17:00:00;SP;116;220.0;GUARULHOS;Desobediência às normas de trânsito pelo condutor;Colisão lateral;Com Vítimas Feridas;Pleno dia;Crescente;Céu Claro;Múltipla;Reta;Sim;2;2
240121;2019-10-04;sexta-feira;18:10:00;SP;116;216.1;GUARULHOS;Falta de Atenção à Condução;Colisão traseira;Com Vítimas Feridas;Anoitecer;Crescente;Céu Claro;Múltipla;Reta;Sim;2;2
240209;2019-10-05;sábado;01:20:00;SP;116;115.6;TAUBATE;Falta de Atenção à Condução;Colisão traseira;Com Vítimas Feridas;Plena Noite;Crescente;Céu Claro;Dupla;Reta;Sim;4;3
240245;2019-10-05;sábado;08:40:00;SP;116;219.0;GUARULHOS;Velocidade Incompatível;Colisão lateral;Com Vítimas Feridas;Pleno dia;Crescente;Sol;Múltipla;Reta;Sim;2;2
240249;2019-10-05;sábado;09:00:00;SP;116;219.0;GUARULHOS;Ingestão de Álcool;Colisão traseira;Com Vítimas Feridas;Pleno dia;Crescente;Céu Claro;Múltipla;Reta;Sim;2;2
240426;2019-10-05;sábado;23:15:00;SP;116;215.0;GUARULHOS;Ingestão de Álcool;Colisão traseira;Sem Vítimas;Plena Noite;Crescente;Céu Claro;Múltipla;Reta;Sim;3;3
240890;2019-10-07;segunda-feira;18:20:00;SP;116;145.0;SAO JOSE DOS CAMPOS;Falta de Atenção à Condução;Queda de ocupante de veículo;Com Vítimas Feridas;Plena Noite;Crescente;Garoa/Chuvisco;Dupla;Reta;Sim;1;1
240896;2019-10-07;segunda-feira;19:18:00;SP;116;219.2;GUARULHOS;Não guardar distância de segurança;Colisão traseira;Com Vítimas Feridas;Plena Noite;Crescente;Céu Claro;Múltipla;Reta;Sim;2;2
240925;2019-10-07;segunda-feira;21:30:00;SP;116;216.0;GUARULHOS;Falta de Atenção à Condução;Colisão traseira;Com Vítimas Feridas;Plena Noite;Decrescente;Céu Claro;Múltipla;Reta;Sim;2;2
240988;2019-10-08;terça-feira;09:30:00;SP;116;218.0;GUARULHOS;Falta de Atenção à Condução;Colisão traseira;Com Vítimas Feridas;Pleno dia;Crescente;Nublado;Múltipla;Reta;Sim;2;2
241034;2019-10-08;terça-feira;15:30:00;SP;116;229.0;SAO PAULO;Desobediência às normas de trânsito pelo condutor;Colisão lateral;Com Vítimas Feridas;Pleno dia;Decrescente;Chuva;Múltipla;Reta;Sim;2;2
241078;2019-10-08;terça-feira;19:00:00;SP;116;168.9;JACAREI;Falta de Atenção do Pedestre;Atropelamento de Pedestre;Com Vítimas Feridas;Plena Noite;Decrescente;Chuva;Dupla;Interseção de vias;Não;2;1
241117;2019-10-09;quarta-feira;00:00:00;SP;116;212.5;GUARULHOS;Velocidade Incompatível;Colisão com objeto estático;Com Vítimas Feridas;Plena Noite;Decrescente;Chuva;Múltipla;Desvio Temporário;Não;2;1
241156;2019-10-09;quarta-feira;08:30:00;SP;116;215.0;GUARULHOS;Desobediência às normas de trânsito pelo condutor;Colisão com objeto estático;Com Vítimas Feridas;Pleno dia;Crescente;Garoa/Chuvisco;Múltipla;Reta;Sim;3;1
241208;2019-10-09;quarta-feira;12:30:00;SP;116;160.0;JACAREI;Animais na Pista;Atropelamento de Animal;Com Vítimas Feridas;Pleno dia;Decrescente;Nublado;Dupla;Reta;Sim;1;1
241231;2019-09-19;quinta-feira;18:10:00;SP;116;148.0;SAO JOSE DOS CAMPOS;Não guardar distância de segurança;Colisão lateral;Com Vítimas Feridas;Anoitecer;Decrescente;Nublado;Múltipla;Reta;Sim;2;2
241260;2019-10-09;quarta-feira;13:00:00;SP;116;136.0;CACAPAVA;Falta de Atenção à Condução;Queda de ocupante de veículo;Sem Vítimas;Pleno dia;Crescente;Nublado;Dupla;Reta;Sim;1;1
241363;2019-10-10;quinta-feira;08:00:00;SP;116;144.0;SAO JOSE DOS CAMPOS;Não guardar distância de segurança;Colisão traseira;Com Vítimas Feridas;Pleno dia;Crescente;Céu Claro;Múltipla;Reta;Sim;2;2
241378;2019-10-10;quinta-feira;09:10:00;SP;116;147.5;SAO JOSE DOS CAMPOS;Falta de Atenção à Condução;Colisão traseira;Com Vítimas Feridas;Pleno dia;Decrescente;Céu Claro;Dupla;Reta;Sim;2;2
241396;2019-10-10;quinta-feira;11:00:00;SP;116;112.0;TAUBATE;Falta de Atenção à Condução;Colisão traseira;Com Vítimas Feridas;Pleno dia;Crescente;Sol;Dupla;Reta;Sim;4;1
241435;2019-10-10;quinta-feira;14:00:00;SP;116;224.5;GUARULHOS;Ingestão de Álcool;Colisão lateral;Sem Vítimas;Pleno dia;Decrescente;Sol;Múltipla;Reta;Não;3;3
241452;2019-10-10;quinta-feira;18:00:00;SP;116;102.0;PINDAMONHANGABA;Falta de Atenção à Condução;Colisão lateral;Com Vítimas Feridas;Amanhecer;Crescente;Céu Claro;Dupla;Reta;Sim;2;2
241457;2019-09-29;domingo;05:20:00;SP;116;229.0;GUARULHOS;Falta de Atenção à Condução;Colisão traseira;Com Vítimas Feridas;Amanhecer;Decrescente;Nublado;Múltipla;Reta;Sim;4;2
241553;2019-10-11;sexta-feira;05:30:00;SP;116;204.0;ARUJA;Condutor Dormindo;Colisão com objeto estático;Com Vítimas Feridas;Amanhecer;Crescente;Céu Claro;Dupla;Reta;Sim;1;1
241571;2019-10-11;sexta-feira;07:01:00;SP;116;229.0;SAO PAULO;Não guardar distância de segurança;Colisão traseira;Com Vítimas Feridas;Amanhecer;Crescente;Nublado;Múltipla;Reta;Sim;5;3
241605;2019-10-11;sexta-feira;10:00:00;SP;116;103.7;TAUBATE;Falta de Atenção à Condução;Colisão traseira;Com Vítimas Feridas;Pleno dia;Decrescente;Sol;Dupla;Reta;Não;2;2
241687;2019-10-11;sexta-feira;17:00:00;SP;116;159.0;JACAREI;Falta de Atenção à Condução;Engavetamento;Com Vítimas Feridas;Pleno dia;Decrescente;Céu Claro;Dupla;Reta;Não;4;3
241713;2019-10-11;sexta-feira;18:39:00;SP;116;149.1;SAO JOSE DOS CAMPOS;Falta de Atenção à Condução;Colisão lateral;Com Vítimas Feridas;Plena Noite;Crescente;Céu Claro;Dupla;Reta;Sim;2;2
241765;2019-10-11;sexta-feira;22:15:00;SP;116;226.0;GUARULHOS;Falta de Atenção à Condução;Colisão lateral;Com Vítimas Feridas;Plena Noite;Decrescente;Céu Claro;Múltipla;Reta;Sim;1;1
241792;2019-10-12;sábado;00:40:00;SP;116;130.5;CACAPAVA;Falta de Atenção à Condução;Colisão transversal;Com Vítimas Feridas;Plena Noite;Decrescente;Céu Claro;Dupla;Reta;Sim;2;2
241810;2019-10-12;sábado;02:40:00;SP;116;147.0;SAO JOSE DOS CAMPOS;Ingestão de álcool e/ou substâncias psicoativas pelo pedestre;Colisão traseira;Com Vítimas Feridas;Plena Noite;Decrescente;Céu Claro;Dupla;Reta;Sim;3;3
241821;2019-10-12;sábado;04:20:00;SP;116;104.8;TAUBATE;Falta de Atenção à Condução;Colisão traseira;Com Vítimas Feridas;Plena Noite;Decrescente;Céu Claro;Dupla;Reta;Não;3;2
241837;2019-10-12;sábado;05:53:00;SP;116;146.0;SAO JOSE DOS CAMPOS;Defeito Mecânico no Veículo;Queda de ocupante de veículo;Com Vítimas Feridas;Plena Noite;Crescente;Céu Claro;Dupla;Reta;Não;2;1
241838;2019-10-12;sábado;06:20:00;SP;116;173.0;JACAREI;Falta de Atenção à Condução;Queda de ocupante de veículo;Com Vítimas Feridas;Pleno dia;Decrescente;Céu Claro;Dupla;Reta;Não;1;1
241868;2019-10-12;sábado;08:15:00;SP;116;134.9;SAO JOSE DOS CAMPOS;Falta de Atenção à Condução;Engavetamento;Sem Vítimas;Pleno dia;Decrescente;Céu Claro;Dupla;Não Informado;Não;5;5
242066;2019-10-13;domingo;05:59:00;SP;116;222.0;GUARULHOS;Velocidade Incompatível;Colisão traseira;Com Vítimas Feridas;Pleno dia;Decrescente;Sol;Múltipla;Reta;Sim;3;2
242142;2019-10-13;domingo;14:50:00;SP;116;124.4;CACAPAVA;Falta de Atenção à Condução;Colisão traseira;Com Vítimas Feridas;Pleno dia;Decrescente;Sol;Dupla;Não Informado;Não;4;2
242321;2019-10-14;segunda-feira;07:30:00;SP;116;154.0;SAO JOSE DOS CAMPOS;Falta de Atenção à Condução;Colisão traseira;Com Vítimas Feridas;Pleno dia;Crescente;Sol;Dupla;Reta;Sim;2;1
242360;2019-10-14;segunda-feira;11:30:00;SP;116;225.0;GUARULHOS;Mal Súbito;Colisão traseira;Com Vítimas Feridas;Pleno dia;Crescente;Sol;Múltipla;Reta;Não;4;3
242392;2019-10-14;segunda-feira;14:50:00;SP;116;228.0;SAO PAULO;Falta de Atenção à Condução;Colisão lateral;Com Vítimas Feridas;Pleno dia;Decrescente;Céu Claro;Múltipla;Desvio Temporário;Sim;2;2
242403;2019-10-14;segunda-feira;15:33:00;SP;116;225.0;GUARULHOS;Falta de Atenção à Condução;Colisão lateral;Com Vítimas Feridas;Pleno dia;Decrescente;Sol;Múltipla;Desvio Temporário;Sim;3;2
242424;2019-10-14;segunda-feira;15:20:00;SP;116;115.3;TAUBATE;Falta de Atenção à Condução;Tombamento;Com Vítimas Feridas;Pleno dia;Decrescente;Céu Claro;Dupla;Reta;Não;1;1
242441;2019-10-14;segunda-feira;17:50:00;SP;116;206.4;GUARULHOS;Falta de Atenção do Pedestre;Atropelamento de Pedestre;Com Vítimas Fatais;Pleno dia;Decrescente;Nublado;Múltipla;Reta;Não;2;1
242566;2019-10-15;terça-feira;09:10:00;SP;116;209.0;GUARULHOS;Falta de Atenção à Condução;Engavetamento;Com Vítimas Feridas;Pleno dia;Crescente;Céu Claro;Dupla;Reta;Não;3;3
242875;2019-10-16;quarta-feira;21:55:00;SP;116;125.0;CACAPAVA;Falta de Atenção à Condução;Colisão com objeto estático;Com Vítimas Feridas;Pleno dia;Crescente;Céu Claro;Dupla;Reta;Sim;1;1
242896;2019-10-17;quinta-feira;04:30:00;SP;116;106.7;TAUBATE;Falta de Atenção à Condução;Saída de leito carroçável;Com Vítimas Feridas;Plena Noite;Crescente;Céu Claro;Dupla;Reta;Sim;1;1
243060;2019-10-17;quinta-feira;23:50:00;SP;116;214.0;GUARULHOS;Defeito Mecânico no Veículo;Colisão traseira;Com Vítimas Feridas;Plena Noite;Decrescente;Nublado;Múltipla;Reta;Sim;4;2
243130;2019-10-18;sexta-feira;08:10:00;SP;116;103.5;TAUBATE;Não guardar distância de segurança;Colisão traseira;Com Vítimas Feridas;Pleno dia;Decrescente;Chuva;Dupla;Reta;Não;1;1
243324;2019-10-18;sexta-feira;22:20:00;SP;116;149.0;SAO JOSE DOS CAMPOS;Falta de Atenção do Pedestre;Atropelamento de Pedestre;Com Vítimas Fatais;Plena Noite;Decrescente;Céu Claro;Múltipla;Reta;Sim;3;1
243404;2019-10-19;sábado;06:10:00;SP;116;215.0;GUARULHOS;Não guardar distância de segurança;Colisão com objeto estático;Com Vítimas Feridas;Amanhecer;Decrescente;Nublado;Múltipla;Reta;Sim;2;1
243489;2019-10-19;sábado;15:40:00;SP;116;140.5;SAO JOSE DOS CAMPOS;Falta de Atenção à Condução;Engavetamento;Com Vítimas Feridas;Pleno dia;Decrescente;Céu Claro;Dupla;Reta;Não;7;3
243492;2019-10-19;sábado;15:45:00;SP;116;140.0;SAO JOSE DOS CAMPOS;Falta de Atenção à Condução;Engavetamento;Sem Vítimas;Pleno dia;Crescente;Nublado;Dupla;Reta;Não;3;3
243499;2019-10-19;sábado;16:00:00;SP;116;139.5;SAO JOSE DOS CAMPOS;Desobediência às normas de trânsito pelo condutor;Colisão lateral;Com Vítimas Feridas;Pleno dia;Crescente;Nublado;Dupla;Reta;Não;3;3
243695;2019-10-19;sábado;20:50:00;SP;116;201.0;ARUJA;Desobediência às normas de trânsito pelo condutor;Capotamento;Com Vítimas Feridas;Plena Noite;Crescente;Chuva;Simples;Reta;Não;3;1
243816;2019-10-19;sábado;22:41:00;SP;116;155.8;SAO JOSE DOS CAMPOS;Falta de Atenção à Condução;Colisão com objeto estático;Com Vítimas Fatais;Plena Noite;Decrescente;Céu Claro;Múltipla;Reta;Sim;1;1
243897;2019-10-20;domingo;01:00:00;SP;116;220.0;GUARULHOS;Ingestão de Álcool;Colisão traseira;Com Vítimas Feridas;Plena Noite;Crescente;Céu Claro;Múltipla;Reta;Sim;4;2
244166;2019-10-20;domingo;23:30:00;SP;116;218.0;GUARULHOS;Falta de Atenção à Condução;Colisão traseira;Com Vítimas Feridas;Plena Noite;Decrescente;Nublado;Múltipla;Reta;Sim;2;2
244196;2019-10-21;segunda-feira;07:00:00;SP;116;220.0;GUARULHOS;Desobediência às normas de trânsito pelo condutor;Colisão lateral;Com Vítimas Feridas;Amanhecer;Crescente;Céu Claro;Múltipla;Reta;Sim;2;1
244343;2019-10-21;segunda-feira;19:00:00;SP;116;144.2;SAO JOSE DOS CAMPOS;Falta de Atenção à Condução;Colisão traseira;Com Vítimas Feridas;Plena Noite;Decrescente;Céu Claro;Múltipla;Reta;Sim;4;2
244393;2019-10-22;terça-feira;05:00:00;SP;116;110.4;TAUBATE;Falta de Atenção à Condução;Colisão com objeto estático;Sem Vítimas;Pleno dia;Decrescente;Nublado;Dupla;Reta;Não;1;1
244489;2019-10-22;terça-feira;17:20:00;SP;116;147.4;SAO JOSE DOS CAMPOS;Falta de Atenção à Condução;Colisão lateral;Com Vítimas Feridas;Anoitecer;Decrescente;Céu Claro;Dupla;Reta;Sim;2;2
244518;2019-10-22;terça-feira;16:20:00;SP;116;140.4;SAO JOSE DOS CAMPOS;Não guardar distância de segurança;Colisão traseira;Sem Vítimas;Pleno dia;Crescente;Céu Claro;Dupla;Reta;Sim;2;2
244566;2019-10-23;quarta-feira;07:00:00;SP;116;201.0;ARUJA;Falta de Atenção à Condução;Colisão lateral;Com Vítimas Feridas;Pleno dia;Decrescente;Sol;Dupla;Reta;Não;2;2
244581;2019-10-02;quarta-feira;17:40:00;SP;116;144.2;SAO JOSE DOS CAMPOS;Falta de Atenção à Condução;Colisão traseira;Com Vítimas Feridas;Anoitecer;Decrescente;Céu Claro;Múltipla;Reta;Sim;2;2
244584;2019-10-23;quarta-feira;08:08:00;SP;116;202.0;ARUJA;Defeito Mecânico no Veículo;Queda de ocupante de veículo;Com Vítimas Feridas;Pleno dia;Decrescente;Céu Claro;Dupla;Reta;Sim;2;1
244614;2019-10-23;quarta-feira;10:40:00;SP;116;219.2;GUARULHOS;Falta de Atenção à Condução;Colisão lateral;Com Vítimas Feridas;Pleno dia;Crescente;Céu Claro;Múltipla;Reta;Sim;3;2
244664;2019-10-23;quarta-feira;17:40:00;SP;116;114.8;TAUBATE;Falta de Atenção à Condução;Tombamento;Com Vítimas Feridas;Pleno dia;Crescente;Céu Claro;Dupla;Reta;Não;1;1
244700;2019-10-23;quarta-feira;20:20:00;SP;116;223.0;GUARULHOS;Falta de Atenção à Condução;Colisão traseira;Com Vítimas Feridas;Plena Noite;Decrescente;Nublado;Múltipla;Reta;Sim;2;2
244722;2019-10-23;quarta-feira;22:30:00;SP;116;219.0;GUARULHOS;Não guardar distância de segurança;Colisão traseira;Com Vítimas Feridas;Plena Noite;Decrescente;Céu Claro;Múltipla;Reta;Sim;5;3
244852;2019-10-24;quinta-feira;17:40:00;SP;116;210.0;GUARULHOS;Defeito Mecânico no Veículo;Queda de ocupante de veículo;Com Vítimas Feridas;Plena Noite;Crescente;Nublado;Dupla;Reta;Sim;1;1
244856;2019-10-24;quinta-feira;18:45:00;SP;116;216.8;GUARULHOS;Velocidade Incompatível;Tombamento;Com Vítimas Feridas;Plena Noite;Decrescente;Nublado;Múltipla;Reta;Sim;2;1
244874;2019-10-24;quinta-feira;20:15:00;SP;116;215.0;GUARULHOS;Velocidade Incompatível;Colisão traseira;Com Vítimas Feridas;Plena Noite;Decrescente;Céu Claro;Múltipla;Reta;Sim;6;2
244899;2019-10-24;quinta-feira;23:15:00;SP;116;145.0;SAO JOSE DOS CAMPOS;Desobediência às normas de trânsito pelo condutor;Tombamento;Com Vítimas Feridas;Plena Noite;Decrescente;Nublado;Dupla;Não Informado;Sim;1;1
245174;2019-10-26;sábado;05:15:00;SP;116;132.8;CACAPAVA;Defeito Mecânico no Veículo;Saída de leito carroçável;Com Vítimas Feridas;Amanhecer;Decrescente;Céu Claro;Dupla;Reta;Sim;2;1
245395;2019-10-27;domingo;00:32:00;SP;116;144.5;SAO JOSE DOS CAMPOS;Velocidade Incompatível;Colisão traseira;Com Vítimas Feridas;Plena Noite;Crescente;Céu Claro;Dupla;Reta;Sim;2;2
245415;2019-10-26;sábado;23:30:00;SP;116;139.0;SAO JOSE DOS CAMPOS;Falta de Atenção à Condução;Colisão com objeto estático;Sem Vítimas;Plena Noite;Decrescente;Céu Claro;Dupla;Reta;Sim;1;1
245580;2019-10-27;domingo;19:40:00;SP;116;149.5;SAO JOSE DOS CAMPOS;Não guardar distância de segurança;Colisão traseira;Com Vítimas Feridas;Plena Noite;Decrescente;Céu Claro;Múltipla;Reta;Sim;2;2